group,average_forward_20d_return,median_forward_20d_return,win_rate,average_forward_20d_drawdown,rebalance_count,observation_count,annual_average_dispersion
A,-0.020671619556856452,-0.02157145455415005,0.38235294117647056,-0.08686397481854354,34,501,0.06970613464877977
B,0.007220986411465743,-0.0007268879543674697,0.4864864864864865,-0.06285704630906222,37,4881,0.023783967024555878
C,0.004880470575989996,-0.0092193610924578,0.4594594594594595,-0.0607982701242489,37,5785,0.020017748514201086
