horizon_sessions,spread,mean_return_spread,median_return_spread,positive_spread_rate,bootstrap_ci_low,bootstrap_ci_high,paired_period_count
5,A-B,0.0009891558189756954,0.0006147845272400972,0.541095890410959,-0.0013884004531306985,0.003408655821388414,146
5,A-C,0.0003320707484235248,0.0014927179229036608,0.5136986301369864,-0.0033966252043593414,0.004036760484099331,146
5,B-C,-0.0006570850705521708,0.0005413889807758341,0.5205479452054794,-0.0027552690939499852,0.0013714170301690161,146
20,A-B,0.0013108582126298155,0.005377876140079105,0.5945945945945946,-0.006834152810451219,0.009737532164102064,37
20,A-C,-0.00021109091592270678,0.004420002888892306,0.5135135135135135,-0.01471009643224549,0.014701572722646002,37
20,B-C,-0.0015219491285525237,0.0028226584038153896,0.5675675675675675,-0.01067971375940856,0.007509497483732074,37
120,A-B,0.004211594384076319,0.04310712010661144,0.5714285714285714,-0.04814952729386721,0.04446650533000347,7
120,A-C,0.007402807614202857,0.011161365376496757,0.5714285714285714,-0.05142986849183728,0.06663461339868526,7
120,B-C,0.0031912132301265372,0.017776997340770123,0.5714285714285714,-0.04051627036995209,0.042347260556183666,7
