horizon_sessions,spread,mean_return_spread,median_return_spread,positive_spread_rate,bootstrap_ci_low,bootstrap_ci_high,paired_period_count
5,A-B,0.0006634027609203069,-0.00022872042541812474,0.4931506849315068,-0.001635930468835091,0.0030851268729427785,146
5,A-C,0.0002672272289388939,1.8333902908528044e-05,0.5,-0.0032750871954907138,0.003786187938110001,146
5,B-C,-0.00039617553198141315,-0.0003895170167340933,0.4863013698630137,-0.002323438120783506,0.0014820463832042224,146
20,A-B,0.002175194932686461,0.005255688837326911,0.5135135135135135,-0.00507305437839586,0.009678898061138445,37
20,A-C,-0.00048195113545115533,0.007668690655954019,0.5135135135135135,-0.014247894847281123,0.013464026908159803,37
20,B-C,-0.002657146068137617,0.0012269339637204849,0.5135135135135135,-0.0113508906433615,0.005996235078640589,37
120,A-B,-0.009983536383834507,0.021419838314046577,0.5714285714285714,-0.0627706914549279,0.03186891615125004,7
120,A-C,0.00010746572771616217,0.0032934030783766527,0.5714285714285714,-0.05307690702937012,0.05678223955088297,7
120,B-C,0.010091002111550668,0.02458521657178752,0.5714285714285714,-0.03425450582563543,0.05073381453361914,7
