horizon_sessions,spread,mean_return_spread,median_return_spread,positive_spread_rate,bootstrap_ci_low,bootstrap_ci_high,paired_period_count
5,A-B,0.0004968323021189753,-0.0006570644962610233,0.4794520547945205,-0.002019746803970722,0.003022441482632993,146
5,A-C,0.0006666053546575765,-0.001024850791852626,0.4794520547945205,-0.0028248855927463985,0.004095422511604243,146
5,B-C,0.00016977305253860247,0.00014194142600551453,0.5068493150684932,-0.0017380419378874882,0.002123850620907235,146
20,A-B,0.006706004224464975,0.005752528803298636,0.6216216216216216,-0.0009443199805098592,0.014359144534346632,37
20,A-C,0.00623805047896051,0.0036991958366949587,0.6216216216216216,-0.0038721784493146163,0.01588070773367906,37
20,B-C,-0.0004679537455044645,-0.0011438198980352112,0.4864864864864865,-0.0071583897497528165,0.006729746146062613,37
120,A-B,-0.016028096011601562,0.001857689167529042,0.5714285714285714,-0.04642691746813776,0.012278481828163271,7
120,A-C,-0.001634133141939692,-0.027813200565359103,0.42857142857142855,-0.04015938976912978,0.0441279193132504,7
120,B-C,0.014393962869661872,0.04314684834210649,0.5714285714285714,-0.02987286896650923,0.05636010028175996,7
