horizon_sessions,group,average_forward_return,median_period_return,win_rate,average_forward_drawdown,rebalance_count,observation_count,annual_average_dispersion
5,A,-0.001401295600440954,-0.0018629367626691639,0.47761194029850745,-0.032036996317430406,134,2166,0.010254971039337618
5,B,0.001719708066467368,0.0001811388325373279,0.5068493150684932,-0.02534430508387966,146,19681,0.004361803252592928
5,C,0.001680157586667796,0.0025420084126948155,0.5205479452054794,-0.02317143888976342,146,22243,0.004571077744825572
20,A,-0.020671619556856452,-0.02157145455415005,0.38235294117647056,-0.08686397481854354,34,501,0.06970613464877977
20,B,0.007220986411465743,-0.0007268879543674697,0.4864864864864865,-0.06285704630906222,37,4881,0.023783967024555878
20,C,0.004880470575989996,-0.0092193610924578,0.4594594594594595,-0.0607982701242489,37,5785,0.020017748514201086
120,A,-0.01391011749540482,-0.0033542583947676063,0.5,-0.19444511867185668,6,104,0.14217530215333327
120,B,0.044760130267286015,-0.04161601033580783,0.42857142857142855,-0.15342117990113913,7,837,0.170134728012374
120,C,0.011242657852653678,-0.1015228315274041,0.42857142857142855,-0.16115167322780058,7,1157,0.13775681404818402
