horizon_sessions,selected_model,base_mean_rank_ic,enhanced_mean_rank_ic,rank_ic_change,base_top_bottom_spread,enhanced_top_bottom_spread,spread_change,improved_year_rate,sample_passed,promotion_passed
5,增强回撤模型,0.1775495510508463,0.18508524353211342,0.00753569248126712,0.021410710304353524,0.02163775064265926,0.0002270403383057354,1.0,True,True
20,增强回撤模型,0.2540381072468847,0.26136345899549973,0.007325351748615039,0.04960023977636982,0.053546669906857816,0.003946430130487996,1.0,True,True
60,基础回撤模型,0.2771378683882634,0.28717169941652126,0.010033831028257889,0.08246016372561707,0.0893030217890506,0.0068428580634335295,0.5,False,False
120,基础回撤模型,0.3209952811129128,0.32676779700915354,0.005772515896240726,0.10228329685383869,0.11833569343404242,0.01605239658020373,0.6666666666666666,False,False
