horizon_sessions,test_year,model,target,mean_rank_ic,rank_ic_ir,positive_ic_rate,top_decile_target,bottom_decile_target,top_bottom_spread,rebalance_count,observation_count,demeaned_rmse,demeaned_mae,top_decile_recall
20,2023,动态申万医疗7因子-Ridge,未来最大不利波动（MAE）,0.33011361465349803,2.8153581306601234,1.0,0.09556928716579322,0.04040983276419854,0.05515945440159468,12,4683,0.04565559405538918,0.030844699889223996,0.29957805907172996
20,2024,动态申万医疗7因子-Ridge,未来最大不利波动（MAE）,0.29793079851279236,1.793013841405319,1.0,0.13634049308807691,0.06939398378085658,0.06694650930722033,12,5675,0.05822364536262363,0.03945246020864528,0.2829861111111111
20,2025,动态申万医疗7因子-Ridge,未来最大不利波动（MAE）,0.33127706348501257,3.3824077340497825,1.0,0.09582693024472604,0.03400145265194696,0.06182547759277907,12,5704,0.04785562684681784,0.030382154363427928,0.3559027777777778
20,2026,动态申万医疗7因子-Ridge,未来最大不利波动（MAE）,0.30957842310868955,5.3314620469462195,1.0,0.12984603770527914,0.05851243742631035,0.07133360027896879,6,2873,0.05793874605583231,0.0398894728262465,0.375
